{"name": "my_track", "left": {"x": [-5.249999999999999, -5.276853302900259, -5.303640559600329, -5.4677310545791435, -5.495320821632548, -5.60112059152876, -5.6549243089097825, -5.655120577318192, -5.647520870360908, -5.618985567962108, -5.604510365026162, -5.370887207924502, -5.0489489487135755, -4.378278278278278, -3.707607607607607, -3.036936936936936, -2.3662662662662655, -1.695595595595595, -1.0249249249249033, -0.35425450120849966, 0.08562978734042836, -0.15401661124355748, -0.34747677223405304, -0.5435581033556467, -0.7993833805888411, -0.9995635580847431, -1.2042376600383538, -1.201932524618595, -1.1455179577451169, -1.0368938427431171, -0.8705375710157437, -0.1999499499501649, -0.17312312325962687, 0.041491471452683726, 0.20245200676980524, 0.4738772759998522, 0.6521488416008463, 0.8563028092897866, 1.0504423026538738, 1.2642719385914152, 1.502546455610636, 1.6977259093654027, 1.9285314304023888, 2.099005343875401, 2.1057476740155714, 2.1026362392426012, 2.0245692289346593, 1.6981480334612122, 1.0274774774774986, 0.35680680680680865, -0.31386386386386533, -0.9845345345345358, -1.6552052052052062, -2.3258758758758766, -2.996546546546548, -3.6672172172172193, -4.337887887887888, -5.249999999999999], "y": [10.56, 10.565016044261457, 10.557988120623799, 10.450468379190168, 10.420302695783862, 10.257604709085607, 10.096636148307605, 9.533273127100733, 9.506446516703624, 9.479620184787178, 9.372319360294158, 9.125207358312236, 9.009354207412732, 8.95348871520107, 8.75746195532402, 8.56052729986718, 8.324997569765399, 8.111476272358304, 7.853188548732076, 7.561547799693278, 7.043583067820505, 6.372912912912925, 5.702242242242242, 5.03157157157157, 4.3609009009009, 3.690230230230231, 3.1000400400404278, 2.5635036938707927, 2.402571134133666, 2.237697149491085, 2.1237742591453213, 2.0099999599217444, 2.0099740160840103, 2.0061408268992, 2.0614305834090914, 2.330726026821546, 2.8136036036073993, 3.4842742742742754, 4.154944944944946, 4.825615615615616, 5.496286286286287, 6.166956956956959, 6.8376276276276275, 7.508298298298287, 8.17896291647549, 8.205792391088496, 8.340345417005887, 8.561159261189543, 8.732082833229514, 8.909737478072211, 9.123372647508765, 9.394776505842698, 9.613062290275094, 9.835988050931851, 10.008092165171037, 10.254851843154603, 10.498529917078445, 10.56]}, "right": {"x": [-4.740040040040039, -5.882432432432432, -7.024824824824824, -8.167218012443637, -7.9373303468432095, -8.55594311160308, -9.250455343142887, -9.642662129621204, -9.114392898382558, -8.20651181856568, -7.7317336839497806, -6.589339339339339, -5.446946946946946, -4.944294294294295, -4.21316316316323, -3.619119646317637, -3.436392232422678, -3.2515970450120584, -3.161702437259491, -3.145407762052736, -3.0947692753917844, -3.1012600514968716, -3.0959067604758257, -3.1485833144541022, -3.303301462670027, -3.4990132805318748, -3.8478325421784296, -3.695228210755584, -3.669296988978295, -3.031981979813434, -1.889589590797284, -1.3877465290221878, -0.4945445444351737, 0.6478478473835754, 1.403414178281114, 1.8033044368408166, 2.1437479208458488, 2.401300885365403, 2.5943479172253987, 2.7964889265263118, 3.0030984850185476, 3.201562283754372, 3.4438271604938286, 3.6436101960177414, 3.844170166717152, 4.212290651802006, 3.393793793785111, 2.2514014014014023, 1.565965965965967, 0.9719219219219237, 0.1493993993994014, -0.44464464464464193, -1.1757757757757759, -1.9982982982982964, -2.5009509509509513, -3.0949949949949946, -3.78043043043043, -4.740040040040039], "y": [12.305909726266853, 12.653713280932182, 13.086460530116922, 13.524541360886305, 12.896088104058899, 11.957110093494945, 10.811301301301308, 9.668908909066245, 9.193548798564906, 9.184116984676338, 8.215378018882424, 7.850957722007061, 7.46101388996412, 7.305594627895397, 7.065614167000897, 6.8663945107498545, 6.800742673775515, 6.66421393234725, 6.526398851324709, 6.480793156762381, 6.34368316498281, 6.297988112938388, 5.841031031030029, 5.612552552552552, 5.155595595595598, 4.561551551551553, 3.419159159159161, 2.2767667667667695, 1.1343743743884893, 0.24306225071519272, 0.30696388602683555, 0.252139605981057, -0.49028454486666107, -0.8386308236181375, -0.04975975975406399, 1.0926326326326325, 2.235025025025026, 3.011851851851853, 3.6972872872872884, 4.428418418418419, 5.113853853853856, 5.662202202202204, 6.393333333333334, 6.987377377377378, 7.581421421421423, 8.723813812292674, 9.662043494601923, 10.109027187802885, 10.303911608418916, 10.503601221119498, 10.810407511111434, 11.006984173914029, 11.205220134889027, 11.409025518850067, 11.560652826085752, 11.757147616413741, 12.003513515874198, 12.305909726266853]}}